<scalastyle>
    <name>Scalastyle standard configuration</name>
    <check level="warning" class="org.scalastyle.file.FileTabChecker" enabled="true"></check>
    <check level="warning" class="org.scalastyle.file.FileLengthChecker" enabled="true">
        <parameters>
            <parameter name="maxFileLength"><![CDATA[800]]></parameter>
        </parameters>
    </check>
    <check level="warning" class="org.scalastyle.scalariform.SpacesAfterPlusChecker" enabled="true"></check>
    <check level="warning" class="org.scalastyle.file.WhitespaceEndOfLineChecker" enabled="true"></check>
    <check level="warning" class="org.scalastyle.scalariform.SpacesBeforePlusChecker" enabled="true"></check>
    <check level="warning" class="org.scalastyle.file.FileLineLengthChecker" enabled="true">
        <parameters>
            <parameter name="maxLineLength"><![CDATA[160]]></parameter>
            <parameter name="tabSize"><![CDATA[4]]></parameter>
        </parameters>
    </check>
    <check level="warning" class="org.scalastyle.scalariform.ClassNamesChecker" enabled="true">
        <parameters>
            <parameter name="regex"><![CDATA[[A-Z][A-Za-z]*]]></parameter>
        </parameters>
    </check>
    <check level="warning" class="org.scalastyle.scalariform.ObjectNamesChecker" enabled="true">
        <parameters>
            <parameter name="regex"><![CDATA[[A-Z][A-Za-z]*]]></parameter>
        </parameters>
    </check>
    <check level="warning" class="org.scalastyle.scalariform.PackageObjectNamesChecker" enabled="true">
        <parameters>
            <parameter name="regex"><![CDATA[^[a-z][A-Za-z]*$]]></parameter>
        </parameters>
    </check>
    <check level="warning" class="org.scalastyle.scalariform.EqualsHashCodeChecker" enabled="true"></check>
    <check level="warning" class="org.scalastyle.scalariform.IllegalImportsChecker" enabled="true">
        <parameters>
            <parameter name="illegalImports"><![CDATA[sun._,java.awt._]]></parameter>
        </parameters>
    </check>
    <check level="warning" class="org.scalastyle.scalariform.ParameterNumberChecker" enabled="true">
        <parameters>
            <parameter name="maxParameters"><![CDATA[8]]></parameter>
        </parameters>
    </check>
    <check level="warning" class="org.scalastyle.scalariform.MagicNumberChecker" enabled="true">
        <parameters>
            <parameter name="ignore"><![CDATA[-1,0,1,2,3]]></parameter>
        </parameters>
    </check>
    <check level="warning" class="org.scalastyle.scalariform.NoWhitespaceBeforeLeftBracketChecker"
           enabled="true"></check>
    <check level="warning" class="org.scalastyle.scalariform.NoWhitespaceAfterLeftBracketChecker"
           enabled="true"></check>
    <check level="warning" class="org.scalastyle.scalariform.ReturnChecker" enabled="true"></check>
    <check level="warning" class="org.scalastyle.scalariform.NullChecker" enabled="true"></check>
    <check level="warning" class="org.scalastyle.scalariform.NoCloneChecker" enabled="true"></check>
    <check level="warning" class="org.scalastyle.scalariform.NoFinalizeChecker" enabled="true"></check>
    <check level="warning" class="org.scalastyle.scalariform.CovariantEqualsChecker" enabled="true"></check>
    <check level="warning" class="org.scalastyle.scalariform.StructuralTypeChecker" enabled="true"></check>
    <check level="warning" class="org.scalastyle.file.RegexChecker" enabled="true">
        <parameters>
            <parameter name="regex"><![CDATA[println]]></parameter>
        </parameters>
    </check>
    <check level="warning" class="org.scalastyle.scalariform.NumberOfTypesChecker" enabled="true">
        <parameters>
            <parameter name="maxTypes"><![CDATA[30]]></parameter>
        </parameters>
    </check>
    <check level="warning" class="org.scalastyle.scalariform.CyclomaticComplexityChecker" enabled="true">
        <parameters>
            <parameter name="maximum"><![CDATA[20]]></parameter>
        </parameters>
    </check>
    <check level="warning" class="org.scalastyle.scalariform.UppercaseLChecker" enabled="true"></check>
    <check level="warning" class="org.scalastyle.scalariform.SimplifyBooleanExpressionChecker" enabled="true"></check>
    <check level="warning" class="org.scalastyle.scalariform.IfBraceChecker" enabled="false">
        <parameters>
            <parameter name="singleLineAllowed"><![CDATA[true]]></parameter>
            <parameter name="doubleLineAllowed"><![CDATA[false]]></parameter>
        </parameters>
    </check>
    <check level="warning" class="org.scalastyle.scalariform.MethodLengthChecker" enabled="true">
        <parameters>
            <parameter name="maxLength"><![CDATA[50]]></parameter>
        </parameters>
    </check>
    <check level="warning" class="org.scalastyle.scalariform.MethodNamesChecker" enabled="true">
        <parameters>
            <parameter name="regex"><![CDATA[^[a-z][A-Za-z0-9]*$]]></parameter>
        </parameters>
    </check>
    <check level="warning" class="org.scalastyle.scalariform.NumberOfMethodsInTypeChecker" enabled="true">
        <parameters>
            <parameter name="maxMethods"><![CDATA[30]]></parameter>
        </parameters>
    </check>
    <check level="warning" class="org.scalastyle.scalariform.PublicMethodsHaveTypeChecker" enabled="true"></check>
    <check level="warning" class="org.scalastyle.file.NewLineAtEofChecker" enabled="true"></check>
    <check level="warning" class="org.scalastyle.file.NoNewLineAtEofChecker" enabled="false"></check>
    <check level="warning" class="org.scalastyle.scalariform.TodoCommentChecker" enabled="false">
        <parameters>
            <parameter name="words">TODO|FIXME|todo|fixme|bug|BUG</parameter>
        </parameters>
    </check>
</scalastyle>