<?xml version="1.0" encoding="UTF-8"?>
<configuration>
    <appender name="ERRFILE" class="ch.qos.logback.core.FileAppender">
        <file>sparkz-errors.log</file>
        <append>true</append>
        <encoder>
            <pattern>%date{MM/dd HH:mm:ss} %-5level[%.15thread] %logger{1} %msg%n</pattern>
        </encoder>
        <filter class="ch.qos.logback.classic.filter.ThresholdFilter">
            <level>WARN</level>
        </filter>
    </appender>

    <appender name="LOGFILE" class="ch.qos.logback.core.rolling.RollingFileAppender">
        <file>sparkz.log</file>
        <append>true</append>
        <encoder>
            <pattern>%date{MM/dd HH:mm:ss} %-5level[%.15thread] %logger{1} %msg%n</pattern>
        </encoder>
        <rollingPolicy class="ch.qos.logback.core.rolling.SizeAndTimeBasedRollingPolicy">
            <!-- rollover daily -->
            <fileNamePattern>sparkz.%d{yyyy-MM-dd}.%i.log</fileNamePattern>
            <!-- each file should be at most 100MB, keep 60 days worth of history, but at most 20GB -->
            <maxFileSize>100MB</maxFileSize>
            <maxHistory>60</maxHistory>
            <totalSizeCap>20GB</totalSizeCap>
        </rollingPolicy>
    </appender>

    <appender name="CONSOLE" class="ch.qos.logback.core.ConsoleAppender">
        <target>System.out</target>
        <filter class="ch.qos.logback.classic.filter.ThresholdFilter">
            <level>INFO</level>
        </filter>
        <encoder>
            <pattern>[%thread] >> [%-5level] %logger{36} >> %d{HH:mm:ss.SSS} %msg%n</pattern>
        </encoder>
    </appender>

    <root>
        <appender-ref ref="CONSOLE"/>
        <!--<appender-ref ref="ERRFILE"/>-->
        <!--<appender-ref ref="LOGFILE"/>-->
    </root>

</configuration>
